"","Year","Gender","Age","Mortality","Population"
"1","2020","Person","All",61733,51684500
"2","2019","Person","All",61774,51509300
"3","2018","Person","All",62377,51345300
"4","2017","Person","All",62809,51084100
"5","2016","Person","All",63206,50798600
"6","2015","Person","All",62177,50360500
"7","2014","Person","All",61964,49941800
"8","2013","Person","All",62132,49584200
"9","2012","Person","All",62327,49281700
"10","2011","Person","All",62185,48969700
"11","2010","Person","All",61738,48569300
"12","2009","Person","All",61888,48183900
"13","2008","Person","All",62072,47839700
"14","2007","Person","All",61921,47442600
"15","2006","Person","All",61890,47075000
"16","2005","Person","All",62209,46764200
"17","2004","Person","All",62679,46391500
"18","2003","Person","All",63458,46148900
"19","2020","Female","All",28779,25801600
"20","2020","Female","0 to 4",21,1577200
"21","2020","Female","5 to 9",23,1725100
"22","2020","Female","10 to 14",34,1673700
"23","2020","Female","15 to 19",42,1514400
"24","2020","Female","20 to 24",41,1680800
"25","2020","Female","25 to 29",98,1847100
"26","2020","Female","30 to 34",213,1908200
"27","2020","Female","35 to 39",438,1885200
"28","2020","Female","40 to 44",677,1746000
"29","2020","Female","45 to 49",1252,1835400
"30","2020","Female","50 to 54",2254,1964000
"31","2020","Female","55 to 59",3364,1909200
"32","2020","Female","60 to 64",4707,1628300
"33","2020","Female","65 to 69",6189,1436600
"34","2020","Female","70 to 74",9426,1470200
"35","2019","Female","All",28564,25734700
"36","2019","Female","0 to 4",24,1606400
"37","2019","Female","5 to 9",34,1725700
"38","2019","Female","10 to 14",26,1634800
"39","2019","Female","15 to 19",29,1502500
"40","2019","Female","20 to 24",58,1695100
"41","2019","Female","25 to 29",90,1868300
"42","2019","Female","30 to 34",237,1907400
"43","2019","Female","35 to 39",440,1884500
"44","2019","Female","40 to 44",650,1714100
"45","2019","Female","45 to 49",1305,1876500
"46","2019","Female","50 to 54",2345,1980500
"47","2019","Female","55 to 59",3360,1861000
"48","2019","Female","60 to 64",4547,1584600
"49","2019","Female","65 to 69",6100,1443900
"50","2019","Female","70 to 74",9319,1449200
"51","2018","Female","All",28873,25655200
"52","2018","Female","0 to 4",26,1630500
"53","2018","Female","5 to 9",36,1719900
"54","2018","Female","10 to 14",28,1596300
"55","2018","Female","15 to 19",35,1506700
"56","2018","Female","20 to 24",63,1707000
"57","2018","Female","25 to 29",131,1879900
"58","2018","Female","30 to 34",249,1897900
"59","2018","Female","35 to 39",459,1871600
"60","2018","Female","40 to 44",631,1704100
"61","2018","Female","45 to 49",1405,1919500
"62","2018","Female","50 to 54",2226,1984000
"63","2018","Female","55 to 59",3530,1810000
"64","2018","Female","60 to 64",4551,1551200
"65","2018","Female","65 to 69",6371,1456500
"66","2018","Female","70 to 74",9132,1420100
"67","2017","Female","All",28864,25526400
"68","2017","Female","0 to 4",29,1649400
"69","2017","Female","5 to 9",36,1706900
"70","2017","Female","10 to 14",30,1543600
"71","2017","Female","15 to 19",38,1519100
"72","2017","Female","20 to 24",41,1715700
"73","2017","Female","25 to 29",96,1893300
"74","2017","Female","30 to 34",221,1882500
"75","2017","Female","35 to 39",435,1830200
"76","2017","Female","40 to 44",693,1731400
"77","2017","Female","45 to 49",1348,1946300
"78","2017","Female","50 to 54",2356,1979300
"79","2017","Female","55 to 59",3256,1759600
"80","2017","Female","60 to 64",4556,1520000
"81","2017","Female","65 to 69",6813,1491500
"82","2017","Female","70 to 74",8916,1357500
"83","2016","Female","All",29365,25381100
"84","2016","Female","0 to 4",26,1671400
"85","2016","Female","5 to 9",19,1672600
"86","2016","Female","10 to 14",28,1497800
"87","2016","Female","15 to 19",43,1547600
"88","2016","Female","20 to 24",52,1735900
"89","2016","Female","25 to 29",132,1887400
"90","2016","Female","30 to 34",268,1874700
"91","2016","Female","35 to 39",424,1783200
"92","2016","Female","40 to 44",714,1778800
"93","2016","Female","45 to 49",1392,1963300
"94","2016","Female","50 to 54",2407,1961500
"95","2016","Female","55 to 59",3481,1707200
"96","2016","Female","60 to 64",4573,1494400
"97","2016","Female","65 to 69",7328,1561500
"98","2016","Female","70 to 74",8478,1243800
"99","2015","Female","All",28574,25186400
"100","2015","Female","0 to 4",23,1674300
"101","2015","Female","5 to 9",29,1638600
"102","2015","Female","10 to 14",24,1465100
"103","2015","Female","15 to 19",43,1562800
"104","2015","Female","20 to 24",58,1759800
"105","2015","Female","25 to 29",129,1870600
"106","2015","Female","30 to 34",230,1870100
"107","2015","Female","35 to 39",424,1740300
"108","2015","Female","40 to 44",719,1831300
"109","2015","Female","45 to 49",1430,1967600
"110","2015","Female","50 to 54",2352,1927600
"111","2015","Female","55 to 59",3270,1656700
"112","2015","Female","60 to 64",4627,1482000
"113","2015","Female","65 to 69",7225,1552400
"114","2015","Female","70 to 74",7991,1187400
"115","2014","Female","All",28535,24988100
"116","2014","Female","0 to 4",32,1673200
"117","2014","Female","5 to 9",38,1597200
"118","2014","Female","10 to 14",22,1451600
"119","2014","Female","15 to 19",41,1572200
"120","2014","Female","20 to 24",58,1769100
"121","2014","Female","25 to 29",145,1857200
"122","2014","Female","30 to 34",250,1862900
"123","2014","Female","35 to 39",380,1701200
"124","2014","Female","40 to 44",800,1869000
"125","2014","Female","45 to 49",1431,1983100
"126","2014","Female","50 to 54",2294,1877400
"127","2014","Female","55 to 59",3213,1610400
"128","2014","Female","60 to 64",4753,1487800
"129","2014","Female","65 to 69",7096,1528900
"130","2014","Female","70 to 74",7982,1146800
"131","2013","Female","All",28653,24817500
"132","2013","Female","0 to 4",31,1665300
"133","2013","Female","5 to 9",34,1555900
"134","2013","Female","10 to 14",29,1452700
"135","2013","Female","15 to 19",35,1584100
"136","2013","Female","20 to 24",71,1774400
"137","2013","Female","25 to 29",123,1844700
"138","2013","Female","30 to 34",243,1850300
"139","2013","Female","35 to 39",391,1687700
"140","2013","Female","40 to 44",816,1912300
"141","2013","Female","45 to 49",1425,1986100
"142","2013","Female","50 to 54",2260,1824700
"143","2013","Female","55 to 59",3267,1574600
"144","2013","Female","60 to 64",4862,1499800
"145","2013","Female","65 to 69",7285,1498100
"146","2013","Female","70 to 74",7781,1106900
"147","2012","Female","All",28877,24670200
"148","2012","Female","0 to 4",38,1656400
"149","2012","Female","5 to 9",35,1505100
"150","2012","Female","10 to 14",37,1468000
"151","2012","Female","15 to 19",36,1600700
"152","2012","Female","20 to 24",56,1788200
"153","2012","Female","25 to 29",118,1834000
"154","2012","Female","30 to 34",244,1809200
"155","2012","Female","35 to 39",382,1716100
"156","2012","Female","40 to 44",816,1941300
"157","2012","Female","45 to 49",1562,1982200
"158","2012","Female","50 to 54",2358,1775100
"159","2012","Female","55 to 59",3404,1543800
"160","2012","Female","60 to 64",5148,1536700
"161","2012","Female","65 to 69",6920,1433400
"162","2012","Female","70 to 74",7723,1079900
"163","2011","Female","All",28762,24511700
"164","2011","Female","0 to 4",31,1625000
"165","2011","Female","5 to 9",24,1459600
"166","2011","Female","10 to 14",20,1497100
"167","2011","Female","15 to 19",36,1623200
"168","2011","Female","20 to 24",72,1780700
"169","2011","Female","25 to 29",137,1831300
"170","2011","Female","30 to 34",227,1763900
"171","2011","Female","35 to 39",382,1766700
"172","2011","Female","40 to 44",836,1959600
"173","2011","Female","45 to 49",1489,1966000
"174","2011","Female","50 to 54",2317,1723600
"175","2011","Female","55 to 59",3297,1518700
"176","2011","Female","60 to 64",5522,1610300
"177","2011","Female","65 to 69",6717,1315000
"178","2011","Female","70 to 74",7655,1071000
"179","2010","Female","All",28339,24325800
"180","2010","Female","0 to 4",40,1601400
"181","2010","Female","5 to 9",31,1433900
"182","2010","Female","10 to 14",38,1516100
"183","2010","Female","15 to 19",52,1633900
"184","2010","Female","20 to 24",54,1752000
"185","2010","Female","25 to 29",116,1820800
"186","2010","Female","30 to 34",198,1717300
"187","2010","Female","35 to 39",431,1826300
"188","2010","Female","40 to 44",879,1967800
"189","2010","Female","45 to 49",1458,1935500
"190","2010","Female","50 to 54",2234,1672200
"191","2010","Female","55 to 59",3378,1508700
"192","2010","Female","60 to 64",5459,1604000
"193","2010","Female","65 to 69",6189,1257400
"194","2010","Female","70 to 74",7782,1078500
"195","2009","Female","All",28421,24144000
"196","2009","Female","0 to 4",35,1569200
"197","2009","Female","5 to 9",32,1421300
"198","2009","Female","10 to 14",37,1525800
"199","2009","Female","15 to 19",39,1644300
"200","2009","Female","20 to 24",64,1739500
"201","2009","Female","25 to 29",100,1803100
"202","2009","Female","30 to 34",196,1678400
"203","2009","Female","35 to 39",421,1866500
"204","2009","Female","40 to 44",881,1986900
"205","2009","Female","45 to 49",1446,1889800
"206","2009","Female","50 to 54",2252,1629800
"207","2009","Female","55 to 59",3473,1518100
"208","2009","Female","60 to 64",5407,1584000
"209","2009","Female","65 to 69",6190,1217200
"210","2009","Female","70 to 74",7848,1070100
"211","2008","Female","All",28693,23969800
"212","2008","Female","0 to 4",30,1534400
"213","2008","Female","5 to 9",31,1421600
"214","2008","Female","10 to 14",26,1537700
"215","2008","Female","15 to 19",37,1636700
"216","2008","Female","20 to 24",57,1734300
"217","2008","Female","25 to 29",124,1781800
"218","2008","Female","30 to 34",214,1668600
"219","2008","Female","35 to 39",466,1906100
"220","2008","Female","40 to 44",953,1991400
"221","2008","Female","45 to 49",1495,1840000
"222","2008","Female","50 to 54",2277,1596800
"223","2008","Female","55 to 59",3509,1533600
"224","2008","Female","60 to 64",5554,1554400
"225","2008","Female","65 to 69",6222,1179500
"226","2008","Female","70 to 74",7698,1052900
"227","2007","Female","All",28635,23777100
"228","2007","Female","0 to 4",33,1487300
"229","2007","Female","5 to 9",26,1435300
"230","2007","Female","10 to 14",41,1545300
"231","2007","Female","15 to 19",56,1633700
"232","2007","Female","20 to 24",79,1703400
"233","2007","Female","25 to 29",121,1736500
"234","2007","Female","30 to 34",210,1687900
"235","2007","Female","35 to 39",500,1934900
"236","2007","Female","40 to 44",940,1996400
"237","2007","Female","45 to 49",1520,1790200
"238","2007","Female","50 to 54",2264,1566400
"239","2007","Female","55 to 59",3739,1581200
"240","2007","Female","60 to 64",5404,1487800
"241","2007","Female","65 to 69",6089,1153500
"242","2007","Female","70 to 74",7613,1037400
"243","2006","Female","All",28365,23598400
"244","2006","Female","0 to 4",40,1446000
"245","2006","Female","5 to 9",28,1459200
"246","2006","Female","10 to 14",28,1552600
"247","2006","Female","15 to 19",47,1615600
"248","2006","Female","20 to 24",53,1676500
"249","2006","Female","25 to 29",101,1678300
"250","2006","Female","30 to 34",212,1742800
"251","2006","Female","35 to 39",512,1953200
"252","2006","Female","40 to 44",910,1975000
"253","2006","Female","45 to 49",1458,1740200
"254","2006","Female","50 to 54",2264,1546900
"255","2006","Female","55 to 59",4023,1654400
"256","2006","Female","60 to 64",4987,1374200
"257","2006","Female","65 to 69",6147,1151100
"258","2006","Female","70 to 74",7555,1032500
"259","2005","Female","All",28670,23445200
"260","2005","Female","0 to 4",25,1418600
"261","2005","Female","5 to 9",32,1478900
"262","2005","Female","10 to 14",41,1568400
"263","2005","Female","15 to 19",52,1603300
"264","2005","Female","20 to 24",68,1639200
"265","2005","Female","25 to 29",101,1630900
"266","2005","Female","30 to 34",240,1790500
"267","2005","Female","35 to 39",504,1964000
"268","2005","Female","40 to 44",943,1946400
"269","2005","Female","45 to 49",1445,1693500
"270","2005","Female","50 to 54",2355,1539600
"271","2005","Female","55 to 59",4073,1652200
"272","2005","Female","60 to 64",4777,1318000
"273","2005","Female","65 to 69",6282,1164700
"274","2005","Female","70 to 74",7732,1037100
"275","2004","Female","All",28830,23257200
"276","2004","Female","0 to 4",28,1401300
"277","2004","Female","5 to 9",31,1493000
"278","2004","Female","10 to 14",38,1579900
"279","2004","Female","15 to 19",54,1580500
"280","2004","Female","20 to 24",76,1594200
"281","2004","Female","25 to 29",112,1578800
"282","2004","Female","30 to 34",261,1823100
"283","2004","Female","35 to 39",515,1985400
"284","2004","Female","40 to 44",921,1898800
"285","2004","Female","45 to 49",1468,1651700
"286","2004","Female","50 to 54",2384,1552000
"287","2004","Female","55 to 59",4000,1637900
"288","2004","Female","60 to 64",4769,1280100
"289","2004","Female","65 to 69",6260,1156800
"290","2004","Female","70 to 74",7913,1043700
"291","2003","Female","All",28923,23136900
"292","2003","Female","0 to 4",39,1399200
"293","2003","Female","5 to 9",38,1502600
"294","2003","Female","10 to 14",46,1587800
"295","2003","Female","15 to 19",65,1551300
"296","2003","Female","20 to 24",73,1563500
"297","2003","Female","25 to 29",114,1568300
"298","2003","Female","30 to 34",271,1875400
"299","2003","Female","35 to 39",494,1991200
"300","2003","Female","40 to 44",896,1849600
"301","2003","Female","45 to 49",1500,1622600
"302","2003","Female","50 to 54",2528,1574400
"303","2003","Female","55 to 59",3881,1609800
"304","2003","Female","60 to 64",4685,1246400
"305","2003","Female","65 to 69",6075,1140600
"306","2003","Female","70 to 74",8218,1054100
"307","2020","Male","All",32954,25883000
"308","2020","Male","0 to 4",37,1662300
"309","2020","Male","5 to 9",40,1814400
"310","2020","Male","10 to 14",35,1761900
"311","2020","Male","15 to 19",44,1601500
"312","2020","Male","20 to 24",54,1791700
"313","2020","Male","25 to 29",87,1924400
"314","2020","Male","30 to 34",172,1916400
"315","2020","Male","35 to 39",286,1853000
"316","2020","Male","40 to 44",517,1730300
"317","2020","Male","45 to 49",1009,1803200
"318","2020","Male","50 to 54",2091,1911300
"319","2020","Male","55 to 59",3641,1852600
"320","2020","Male","60 to 64",5329,1568500
"321","2020","Male","65 to 69",7848,1347700
"322","2020","Male","70 to 74",11764,1343900
"323","2019","Male","All",33210,25774600
"324","2019","Male","0 to 4",33,1693200
"325","2019","Male","5 to 9",42,1812500
"326","2019","Male","10 to 14",47,1719500
"327","2019","Male","15 to 19",34,1587700
"328","2019","Male","20 to 24",75,1792700
"329","2019","Male","25 to 29",112,1933100
"330","2019","Male","30 to 34",197,1900600
"331","2019","Male","35 to 39",334,1849100
"332","2019","Male","40 to 44",487,1700200
"333","2019","Male","45 to 49",996,1839300
"334","2019","Male","50 to 54",2118,1926900
"335","2019","Male","55 to 59",3541,1809600
"336","2019","Male","60 to 64",5378,1527200
"337","2019","Male","65 to 69",8033,1352800
"338","2019","Male","70 to 74",11783,1330200
"339","2018","Male","All",33504,25690100
"340","2018","Male","0 to 4",32,1716300
"341","2018","Male","5 to 9",41,1803900
"342","2018","Male","10 to 14",42,1677800
"343","2018","Male","15 to 19",59,1589900
"344","2018","Male","20 to 24",83,1805700
"345","2018","Male","25 to 29",96,1936000
"346","2018","Male","30 to 34",166,1889700
"347","2018","Male","35 to 39",335,1845900
"348","2018","Male","40 to 44",480,1686500
"349","2018","Male","45 to 49",1091,1879700
"350","2018","Male","50 to 54",2186,1931400
"351","2018","Male","55 to 59",3604,1763400
"352","2018","Male","60 to 64",5352,1493200
"353","2018","Male","65 to 69",8312,1366100
"354","2018","Male","70 to 74",11625,1304700
"355","2017","Male","All",33945,25557700
"356","2017","Male","0 to 4",42,1735500
"357","2017","Male","5 to 9",49,1790500
"358","2017","Male","10 to 14",27,1622400
"359","2017","Male","15 to 19",57,1601700
"360","2017","Male","20 to 24",60,1810400
"361","2017","Male","25 to 29",112,1938300
"362","2017","Male","30 to 34",161,1874900
"363","2017","Male","35 to 39",315,1812500
"364","2017","Male","40 to 44",544,1711400
"365","2017","Male","45 to 49",1126,1903800
"366","2017","Male","50 to 54",2194,1927900
"367","2017","Male","55 to 59",3560,1719500
"368","2017","Male","60 to 64",5549,1462900
"369","2017","Male","65 to 69",8617,1399100
"370","2017","Male","70 to 74",11532,1247000
"371","2016","Male","All",33841,25417500
"372","2016","Male","0 to 4",32,1757600
"373","2016","Male","5 to 9",34,1755700
"374","2016","Male","10 to 14",36,1572400
"375","2016","Male","15 to 19",55,1631800
"376","2016","Male","20 to 24",86,1824100
"377","2016","Male","25 to 29",109,1924200
"378","2016","Male","30 to 34",190,1874900
"379","2016","Male","35 to 39",278,1773800
"380","2016","Male","40 to 44",525,1756400
"381","2016","Male","45 to 49",1128,1919800
"382","2016","Male","50 to 54",2188,1911600
"383","2016","Male","55 to 59",3568,1670400
"384","2016","Male","60 to 64",5579,1436600
"385","2016","Male","65 to 69",9281,1470600
"386","2016","Male","70 to 74",10752,1137400
"387","2015","Male","All",33603,25174100
"388","2015","Male","0 to 4",33,1760400
"389","2015","Male","5 to 9",39,1718900
"390","2015","Male","10 to 14",35,1535200
"391","2015","Male","15 to 19",61,1650500
"392","2015","Male","20 to 24",73,1832500
"393","2015","Male","25 to 29",110,1887400
"394","2015","Male","30 to 34",172,1857900
"395","2015","Male","35 to 39",297,1730600
"396","2015","Male","40 to 44",515,1805100
"397","2015","Male","45 to 49",1099,1921800
"398","2015","Male","50 to 54",2124,1883400
"399","2015","Male","55 to 59",3566,1621700
"400","2015","Male","60 to 64",5683,1422700
"401","2015","Male","65 to 69",9238,1464800
"402","2015","Male","70 to 74",10558,1081200
"403","2014","Male","All",33429,24953700
"404","2014","Male","0 to 4",34,1757700
"405","2014","Male","5 to 9",45,1675100
"406","2014","Male","10 to 14",33,1521500
"407","2014","Male","15 to 19",60,1658800
"408","2014","Male","20 to 24",83,1837400
"409","2014","Male","25 to 29",112,1861200
"410","2014","Male","30 to 34",175,1844300
"411","2014","Male","35 to 39",263,1694800
"412","2014","Male","40 to 44",556,1838400
"413","2014","Male","45 to 49",1152,1935200
"414","2014","Male","50 to 54",2111,1839800
"415","2014","Male","55 to 59",3557,1576100
"416","2014","Male","60 to 64",5781,1426100
"417","2014","Male","65 to 69",9193,1446600
"418","2014","Male","70 to 74",10274,1040600
"419","2013","Male","All",33479,24766700
"420","2013","Male","0 to 4",48,1748800
"421","2013","Male","5 to 9",36,1632000
"422","2013","Male","10 to 14",31,1523700
"423","2013","Male","15 to 19",44,1670700
"424","2013","Male","20 to 24",65,1829400
"425","2013","Male","25 to 29",117,1840600
"426","2013","Male","30 to 34",181,1831800
"427","2013","Male","35 to 39",271,1681400
"428","2013","Male","40 to 44",561,1877600
"429","2013","Male","45 to 49",1189,1939700
"430","2013","Male","50 to 54",2102,1792800
"431","2013","Male","55 to 59",3493,1539600
"432","2013","Male","60 to 64",6036,1440000
"433","2013","Male","65 to 69",9110,1419700
"434","2013","Male","70 to 74",10195,998900
"435","2012","Male","All",33450,24611500
"436","2012","Male","0 to 4",35,1736900
"437","2012","Male","5 to 9",40,1578500
"438","2012","Male","10 to 14",33,1539800
"439","2012","Male","15 to 19",53,1685600
"440","2012","Male","20 to 24",77,1833400
"441","2012","Male","25 to 29",114,1825600
"442","2012","Male","30 to 34",171,1798000
"443","2012","Male","35 to 39",260,1707200
"444","2012","Male","40 to 44",564,1901400
"445","2012","Male","45 to 49",1184,1939400
"446","2012","Male","50 to 54",2068,1748400
"447","2012","Male","55 to 59",3610,1509900
"448","2012","Male","60 to 64",6241,1476200
"449","2012","Male","65 to 69",8879,1358600
"450","2012","Male","70 to 74",10121,972600
"451","2011","Male","All",33423,24457900
"452","2011","Male","0 to 4",32,1703700
"453","2011","Male","5 to 9",51,1530500
"454","2011","Male","10 to 14",42,1570300
"455","2011","Male","15 to 19",57,1701100
"456","2011","Male","20 to 24",89,1815500
"457","2011","Male","25 to 29",113,1825900
"458","2011","Male","30 to 34",169,1765300
"459","2011","Male","35 to 39",298,1755700
"460","2011","Male","40 to 44",579,1921900
"461","2011","Male","45 to 49",1144,1926100
"462","2011","Male","50 to 54",2066,1699000
"463","2011","Male","55 to 59",3678,1484800
"464","2011","Male","60 to 64",6382,1552000
"465","2011","Male","65 to 69",8437,1242600
"466","2011","Male","70 to 74",10286,963600
"467","2010","Male","All",33399,24243500
"468","2010","Male","0 to 4",37,1679100
"469","2010","Male","5 to 9",30,1500400
"470","2010","Male","10 to 14",38,1593100
"471","2010","Male","15 to 19",63,1709200
"472","2010","Male","20 to 24",64,1763500
"473","2010","Male","25 to 29",126,1802800
"474","2010","Male","30 to 34",174,1721700
"475","2010","Male","35 to 39",322,1805600
"476","2010","Male","40 to 44",615,1936700
"477","2010","Male","45 to 49",1186,1901400
"478","2010","Male","50 to 54",2125,1653800
"479","2010","Male","55 to 59",3658,1474000
"480","2010","Male","60 to 64",6523,1547600
"481","2010","Male","65 to 69",8129,1185200
"482","2010","Male","70 to 74",10309,969400
"483","2009","Male","All",33467,24039900
"484","2009","Male","0 to 4",27,1642700
"485","2009","Male","5 to 9",36,1490400
"486","2009","Male","10 to 14",31,1603000
"487","2009","Male","15 to 19",79,1710700
"488","2009","Male","20 to 24",98,1726500
"489","2009","Male","25 to 29",113,1792600
"490","2009","Male","30 to 34",167,1689800
"491","2009","Male","35 to 39",311,1843800
"492","2009","Male","40 to 44",669,1961100
"493","2009","Male","45 to 49",1174,1857100
"494","2009","Male","50 to 54",2033,1612500
"495","2009","Male","55 to 59",3749,1480300
"496","2009","Male","60 to 64",6629,1528800
"497","2009","Male","65 to 69",8150,1142100
"498","2009","Male","70 to 74",10201,958400
"499","2008","Male","All",33379,23869900
"500","2008","Male","0 to 4",27,1608300
"501","2008","Male","5 to 9",47,1490400
"502","2008","Male","10 to 14",28,1613000
"503","2008","Male","15 to 19",55,1700500
"504","2008","Male","20 to 24",98,1731100
"505","2008","Male","25 to 29",123,1782200
"506","2008","Male","30 to 34",162,1666300
"507","2008","Male","35 to 39",334,1888500
"508","2008","Male","40 to 44",589,1964000
"509","2008","Male","45 to 49",1194,1810600
"510","2008","Male","50 to 54",2016,1576500
"511","2008","Male","55 to 59",3834,1496100
"512","2008","Male","60 to 64",6554,1500800
"513","2008","Male","65 to 69",8061,1102400
"514","2008","Male","70 to 74",10257,939100
"515","2007","Male","All",33286,23665400
"516","2007","Male","0 to 4",44,1561800
"517","2007","Male","5 to 9",48,1502200
"518","2007","Male","10 to 14",34,1622200
"519","2007","Male","15 to 19",74,1698900
"520","2007","Male","20 to 24",86,1715700
"521","2007","Male","25 to 29",121,1722600
"522","2007","Male","30 to 34",182,1681700
"523","2007","Male","35 to 39",314,1917400
"524","2007","Male","40 to 44",691,1961700
"525","2007","Male","45 to 49",1127,1767800
"526","2007","Male","50 to 54",2071,1541800
"527","2007","Male","55 to 59",4074,1539900
"528","2007","Male","60 to 64",6394,1436100
"529","2007","Male","65 to 69",8107,1076900
"530","2007","Male","70 to 74",9919,918900
"531","2006","Male","All",33525,23476600
"532","2006","Male","0 to 4",45,1517100
"533","2006","Male","5 to 9",37,1527900
"534","2006","Male","10 to 14",66,1629400
"535","2006","Male","15 to 19",83,1675400
"536","2006","Male","20 to 24",90,1678800
"537","2006","Male","25 to 29",130,1666300
"538","2006","Male","30 to 34",229,1728100
"539","2006","Male","35 to 39",349,1936200
"540","2006","Male","40 to 44",649,1942800
"541","2006","Male","45 to 49",1157,1727700
"542","2006","Male","50 to 54",2131,1520100
"543","2006","Male","55 to 59",4312,1617900
"544","2006","Male","60 to 64",6147,1328100
"545","2006","Male","65 to 69",8082,1073900
"546","2006","Male","70 to 74",10018,906700
"547","2005","Male","All",33539,23319000
"548","2005","Male","0 to 4",45,1489400
"549","2005","Male","5 to 9",47,1551800
"550","2005","Male","10 to 14",34,1648600
"551","2005","Male","15 to 19",58,1644900
"552","2005","Male","20 to 24",92,1654500
"553","2005","Male","25 to 29",100,1617300
"554","2005","Male","30 to 34",165,1777800
"555","2005","Male","35 to 39",346,1951000
"556","2005","Male","40 to 44",636,1917500
"557","2005","Male","45 to 49",1202,1677800
"558","2005","Male","50 to 54",2111,1514200
"559","2005","Male","55 to 59",4267,1617900
"560","2005","Male","60 to 64",5948,1271700
"561","2005","Male","65 to 69",8068,1083800
"562","2005","Male","70 to 74",10420,900600
"563","2004","Male","All",33849,23134300
"564","2004","Male","0 to 4",43,1474700
"565","2004","Male","5 to 9",46,1566900
"566","2004","Male","10 to 14",45,1659300
"567","2004","Male","15 to 19",78,1638000
"568","2004","Male","20 to 24",98,1612400
"569","2004","Male","25 to 29",114,1574500
"570","2004","Male","30 to 34",190,1812500
"571","2004","Male","35 to 39",364,1962900
"572","2004","Male","40 to 44",635,1869400
"573","2004","Male","45 to 49",1137,1634400
"574","2004","Male","50 to 54",2277,1521400
"575","2004","Male","55 to 59",4198,1604200
"576","2004","Male","60 to 64",5879,1231400
"577","2004","Male","65 to 69",8216,1076500
"578","2004","Male","70 to 74",10529,895600
"579","2003","Male","All",34535,23012000
"580","2003","Male","0 to 4",42,1468000
"581","2003","Male","5 to 9",43,1578200
"582","2003","Male","10 to 14",54,1662700
"583","2003","Male","15 to 19",75,1624400
"584","2003","Male","20 to 24",92,1561800
"585","2003","Male","25 to 29",84,1576000
"586","2003","Male","30 to 34",215,1857200
"587","2003","Male","35 to 39",358,1976200
"588","2003","Male","40 to 44",687,1829600
"589","2003","Male","45 to 49",1192,1598800
"590","2003","Male","50 to 54",2281,1545800
"591","2003","Male","55 to 59",4481,1577800
"592","2003","Male","60 to 64",5941,1197600
"593","2003","Male","65 to 69",8309,1061900
"594","2003","Male","70 to 74",10681,895900
"595","2020","Person","All",5769,4431200
"596","2020","Person","All",6167,5678600
"597","2020","Person","All",6676,8502600
"598","2020","Person","All",3669,2439800
"599","2020","Person","All",9155,6735700
"600","2020","Person","All",9258,8354000
"601","2020","Person","All",5439,5059000
"602","2020","Person","All",6824,5434500
"603","2020","Person","All",6668,5049100
"604","2019","Person","All",5737,4411300
"605","2019","Person","All",6374,5657800
"606","2019","Person","All",6755,8466900
"607","2019","Person","All",3759,2432100
"608","2019","Person","All",9188,6716300
"609","2019","Person","All",9818,8335400
"610","2019","Person","All",5781,5040600
"611","2019","Person","All",6687,5415300
"612","2019","Person","All",6509,5033700
"613","2018","Person","All",5805,4395200
"614","2018","Person","All",6868,5641100
"615","2018","Person","All",6755,8424300
"616","2018","Person","All",3633,2426300
"617","2018","Person","All",9162,6684300
"618","2018","Person","All",9918,8316500
"619","2018","Person","All",6651,5035200
"620","2018","Person","All",6910,5399000
"621","2018","Person","All",6675,5023300
"622","2017","Person","All",5762,4373100
"623","2017","Person","All",7028,5620600
"624","2017","Person","All",6716,8349500
"625","2017","Person","All",3726,2415600
"626","2017","Person","All",9208,6661600
"627","2017","Person","All",10010,8283500
"628","2017","Person","All",6757,5008300
"629","2017","Person","All",6871,5370200
"630","2017","Person","All",6731,5001800
"631","2016","Person","All",5747,4333200
"632","2016","Person","All",7021,5589200
"633","2016","Person","All",6731,8300400
"634","2016","Person","All",3823,2409400
"635","2016","Person","All",9422,6634300
"636","2016","Person","All",9848,8246100
"637","2016","Person","All",6926,4975500
"638","2016","Person","All",6969,5328600
"639","2016","Person","All",6719,4981800
"640","2015","Person","All",5769,4289500
"641","2015","Person","All",6827,5541600
"642","2015","Person","All",6794,8208700
"643","2015","Person","All",3648,2399000
"644","2015","Person","All",9276,6590500
"645","2015","Person","All",9925,8171900
"646","2015","Person","All",6536,4934700
"647","2015","Person","All",6765,5274400
"648","2015","Person","All",6637,4950200
"649","2014","Person","All",5514,4254700
"650","2014","Person","All",6817,5489800
"651","2014","Person","All",6703,8079600
"652","2014","Person","All",3899,2394800
"653","2014","Person","All",9287,6556400
"654","2014","Person","All",9581,8107500
"655","2014","Person","All",6458,4892400
"656","2014","Person","All",6965,5242300
"657","2014","Person","All",6740,4924300
"658","2013","Person","All",5554,4224300
"659","2013","Person","All",6955,5437900
"660","2013","Person","All",6674,7967700
"661","2013","Person","All",3731,2391200
"662","2013","Person","All",9471,6538300
"663","2013","Person","All",9766,8043100
"664","2013","Person","All",6424,4857100
"665","2013","Person","All",6893,5214000
"666","2013","Person","All",6664,4910600
"667","2012","Person","All",5693,4200200
"668","2012","Person","All",6803,5400700
"669","2012","Person","All",6802,7867100
"670","2012","Person","All",3843,2386600
"671","2012","Person","All",9355,6527800
"672","2012","Person","All",9733,7988100
"673","2012","Person","All",6515,4825800
"674","2012","Person","All",6831,5189600
"675","2012","Person","All",6752,4895900
"676","2011","Person","All",5543,4176700
"677","2011","Person","All",6620,5365800
"678","2011","Person","All",6792,7770100
"679","2011","Person","All",3850,2384700
"680","2011","Person","All",9470,6508700
"681","2011","Person","All",9579,7929100
"682","2011","Person","All",6601,4795100
"683","2011","Person","All",6864,5165000
"684","2011","Person","All",6866,4874500
"685","2010","Person","All",5635,4151900
"686","2010","Person","All",6625,5320200
"687","2010","Person","All",6657,7632600
"688","2010","Person","All",3721,2377900
"689","2010","Person","All",9551,6481400
"690","2010","Person","All",9675,7866200
"691","2010","Person","All",6409,4761700
"692","2010","Person","All",6766,5130000
"693","2010","Person","All",6699,4847400
"694","2009","Person","All",5556,4122500
"695","2009","Person","All",6723,5273600
"696","2009","Person","All",6864,7517500
"697","2009","Person","All",3823,2369900
"698","2009","Person","All",9402,6455200
"699","2009","Person","All",9627,7791100
"700","2009","Person","All",6403,4733000
"701","2009","Person","All",6875,5099100
"702","2009","Person","All",6615,4821900
"703","2008","Person","All",5579,4095400
"704","2008","Person","All",6714,5237200
"705","2008","Person","All",6771,7388800
"706","2008","Person","All",3930,2365500
"707","2008","Person","All",9586,6431800
"708","2008","Person","All",9486,7734000
"709","2008","Person","All",6439,4714300
"710","2008","Person","All",6843,5071300
"711","2008","Person","All",6724,4801200
"712","2007","Person","All",5564,4062900
"713","2007","Person","All",6684,5189700
"714","2007","Person","All",6782,7270900
"715","2007","Person","All",3868,2360200
"716","2007","Person","All",9626,6405800
"717","2007","Person","All",9555,7667300
"718","2007","Person","All",6224,4684500
"719","2007","Person","All",6879,5031400
"720","2007","Person","All",6739,4770000
"721","2006","Person","All",5383,4029500
"722","2006","Person","All",6535,5150800
"723","2006","Person","All",6954,7176700
"724","2006","Person","All",3906,2353500
"725","2006","Person","All",9519,6383200
"726","2006","Person","All",9621,7597700
"727","2006","Person","All",6403,4639400
"728","2006","Person","All",6925,5000900
"729","2006","Person","All",6644,4743300
"730","2005","Person","All",5445,3996700
"731","2005","Person","All",6594,5114600
"732","2005","Person","All",7048,7099400
"733","2005","Person","All",3858,2351200
"734","2005","Person","All",9818,6357000
"735","2005","Person","All",9526,7539600
"736","2005","Person","All",6405,4611500
"737","2005","Person","All",6905,4971900
"738","2005","Person","All",6610,4722300
"739","2004","Person","All",5450,3963100
"740","2004","Person","All",6693,5067800
"741","2004","Person","All",7208,7013700
"742","2004","Person","All",3949,2346600
"743","2004","Person","All",9742,6331800
"744","2004","Person","All",9710,7477300
"745","2004","Person","All",6338,4568700
"746","2004","Person","All",6845,4942300
"747","2004","Person","All",6744,4680200
"748","2003","Person","All",5560,3930600
"749","2003","Person","All",6746,5039600
"750","2003","Person","All",7321,6973100
"751","2003","Person","All",3912,2348300
"752","2003","Person","All",9769,6308500
"753","2003","Person","All",9702,7437800
"754","2003","Person","All",6504,4541000
"755","2003","Person","All",7060,4925100
"756","2003","Person","All",6884,4644800
"757","2020","Female","All",2617,2213800
"758","2020","Female","All",2798,2846600
"759","2020","Female","All",3176,4200100
"760","2020","Female","All",1730,1225700
"761","2020","Female","All",4257,3367400
"762","2020","Female","All",4385,4183000
"763","2020","Female","All",2525,2535400
"764","2020","Female","All",3223,2705800
"765","2020","Female","All",3094,2523800
"766","2019","Female","All",2673,2204300
"767","2019","Female","All",2972,2836300
"768","2019","Female","All",3179,4200900
"769","2019","Female","All",1726,1221600
"770","2019","Female","All",4173,3358200
"771","2019","Female","All",4655,4173600
"772","2019","Female","All",2689,2526800
"773","2019","Female","All",3051,2697600
"774","2019","Female","All",2902,2515400
"775","2018","Female","All",2685,2196800
"776","2018","Female","All",3182,2827300
"777","2018","Female","All",3153,4179500
"778","2018","Female","All",1678,1219000
"779","2018","Female","All",4209,3343800
"780","2018","Female","All",4591,4164300
"781","2018","Female","All",3029,2523800
"782","2018","Female","All",3242,2689700
"783","2018","Female","All",3104,2510900
"784","2017","Female","All",2606,2184800
"785","2017","Female","All",3242,2815600
"786","2017","Female","All",3152,4150700
"787","2017","Female","All",1754,1214000
"788","2017","Female","All",4210,3331800
"789","2017","Female","All",4636,4146700
"790","2017","Female","All",3102,2509800
"791","2017","Female","All",3118,2674500
"792","2017","Female","All",3044,2498500
"793","2016","Female","All",2688,2165000
"794","2016","Female","All",3307,2798400
"795","2016","Female","All",3145,4128000
"796","2016","Female","All",1805,1210400
"797","2016","Female","All",4370,3317600
"798","2016","Female","All",4597,4126900
"799","2016","Female","All",3184,2493100
"800","2016","Female","All",3159,2654100
"801","2016","Female","All",3110,2487700
"802","2015","Female","All",2675,2144400
"803","2015","Female","All",3221,2775600
"804","2015","Female","All",3183,4093500
"805","2015","Female","All",1659,1205600
"806","2015","Female","All",4266,3298300
"807","2015","Female","All",4620,4092500
"808","2015","Female","All",2926,2472900
"809","2015","Female","All",3047,2629800
"810","2015","Female","All",2977,2473700
"811","2014","Female","All",2594,2127400
"812","2014","Female","All",3137,2750600
"813","2014","Female","All",3093,4036000
"814","2014","Female","All",1775,1204000
"815","2014","Female","All",4239,3282200
"816","2014","Female","All",4495,4061200
"817","2014","Female","All",2940,2451000
"818","2014","Female","All",3195,2614200
"819","2014","Female","All",3067,2461500
"820","2013","Female","All",2494,2112500
"821","2013","Female","All",3274,2725100
"822","2013","Female","All",3132,3987100
"823","2013","Female","All",1707,1202500
"824","2013","Female","All",4355,3273700
"825","2013","Female","All",4585,4028800
"826","2013","Female","All",2909,2432800
"827","2013","Female","All",3129,2600700
"828","2013","Female","All",3068,2454300
"829","2012","Female","All",2719,2100100
"830","2012","Female","All",3183,2705000
"831","2012","Female","All",3144,3941600
"832","2012","Female","All",1788,1200500
"833","2012","Female","All",4304,3268600
"834","2012","Female","All",4512,4001200
"835","2012","Female","All",3005,2417000
"836","2012","Female","All",3134,2588900
"837","2012","Female","All",3088,2447300
"838","2011","Female","All",2522,2087700
"839","2011","Female","All",3133,2685500
"840","2011","Female","All",3154,3891800
"841","2011","Female","All",1797,1199900
"842","2011","Female","All",4367,3259200
"843","2011","Female","All",4445,3970900
"844","2011","Female","All",3041,2401700
"845","2011","Female","All",3148,2577500
"846","2011","Female","All",3155,2437600
"847","2010","Female","All",2534,2074800
"848","2010","Female","All",3022,2663900
"849","2010","Female","All",3107,3828400
"850","2010","Female","All",1726,1197200
"851","2010","Female","All",4326,3247100
"852","2010","Female","All",4501,3940900
"853","2010","Female","All",2939,2385700
"854","2010","Female","All",3114,2561700
"855","2010","Female","All",3070,2426000
"856","2009","Female","All",2577,2060200
"857","2009","Female","All",3166,2640900
"858","2009","Female","All",3192,3773400
"859","2009","Female","All",1764,1194300
"860","2009","Female","All",4270,3235800
"861","2009","Female","All",4432,3904900
"862","2009","Female","All",2902,2371700
"863","2009","Female","All",3083,2548000
"864","2009","Female","All",3035,2414700
"865","2008","Female","All",2513,2045200
"866","2008","Female","All",3189,2622700
"867","2008","Female","All",3131,3707700
"868","2008","Female","All",1743,1192400
"869","2008","Female","All",4426,3225700
"870","2008","Female","All",4462,3875700
"871","2008","Female","All",2980,2361900
"872","2008","Female","All",3115,2534000
"873","2008","Female","All",3134,2404500
"874","2007","Female","All",2540,2028500
"875","2007","Female","All",3064,2599000
"876","2007","Female","All",3220,3649700
"877","2007","Female","All",1747,1190300
"878","2007","Female","All",4447,3214700
"879","2007","Female","All",4511,3843600
"880","2007","Female","All",2849,2347000
"881","2007","Female","All",3085,2514200
"882","2007","Female","All",3172,2390200
"883","2006","Female","All",2476,2011100
"884","2006","Female","All",3026,2579700
"885","2006","Female","All",3173,3603200
"886","2006","Female","All",1755,1187500
"887","2006","Female","All",4374,3205200
"888","2006","Female","All",4487,3809100
"889","2006","Female","All",2932,2325300
"890","2006","Female","All",3096,2499100
"891","2006","Female","All",3046,2378100
"892","2005","Female","All",2478,1994900
"893","2005","Female","All",3103,2563100
"894","2005","Female","All",3271,3561700
"895","2005","Female","All",1748,1186800
"896","2005","Female","All",4475,3193500
"897","2005","Female","All",4495,3780600
"898","2005","Female","All",2965,2311400
"899","2005","Female","All",3074,2485100
"900","2005","Female","All",3061,2368300
"901","2004","Female","All",2529,1979700
"902","2004","Female","All",3103,2541500
"903","2004","Female","All",3338,3512200
"904","2004","Female","All",1836,1185400
"905","2004","Female","All",4473,3181000
"906","2004","Female","All",4512,3744100
"907","2004","Female","All",2915,2288300
"908","2004","Female","All",3079,2472500
"909","2004","Female","All",3045,2352500
"910","2003","Female","All",2523,1962300
"911","2003","Female","All",3087,2522700
"912","2003","Female","All",3410,3488100
"913","2003","Female","All",1725,1186800
"914","2003","Female","All",4427,3174400
"915","2003","Female","All",4498,3720900
"916","2003","Female","All",3022,2275400
"917","2003","Female","All",3104,2465200
"918","2003","Female","All",3127,2341100
"919","2020","Male","All",3152,2217400
"920","2020","Male","All",3369,2832000
"921","2020","Male","All",3500,4302500
"922","2020","Male","All",1939,1214100
"923","2020","Male","All",4898,3368300
"924","2020","Male","All",4873,4171000
"925","2020","Male","All",2914,2523600
"926","2020","Male","All",3601,2728800
"927","2020","Male","All",3574,2525300
"928","2019","Male","All",3064,2207000
"929","2019","Male","All",3402,2821400
"930","2019","Male","All",3576,4266000
"931","2019","Male","All",2033,1210400
"932","2019","Male","All",5015,3358200
"933","2019","Male","All",5163,4161800
"934","2019","Male","All",3092,2513800
"935","2019","Male","All",3636,2717700
"936","2019","Male","All",3607,2518200
"937","2018","Male","All",3120,2198400
"938","2018","Male","All",3686,2813800
"939","2018","Male","All",3602,4244800
"940","2018","Male","All",1955,1207300
"941","2018","Male","All",4953,3340500
"942","2018","Male","All",5327,4152200
"943","2018","Male","All",3622,2511400
"944","2018","Male","All",3668,2709300
"945","2018","Male","All",3571,2512400
"946","2017","Male","All",3156,2188300
"947","2017","Male","All",3786,2805000
"948","2017","Male","All",3564,4198800
"949","2017","Male","All",1972,1201600
"950","2017","Male","All",4998,3329700
"951","2017","Male","All",5374,4136800
"952","2017","Male","All",3655,2498500
"953","2017","Male","All",3753,2695700
"954","2017","Male","All",3687,2503300
"955","2016","Male","All",3059,2168200
"956","2016","Male","All",3714,2790800
"957","2016","Male","All",3586,4172400
"958","2016","Male","All",2018,1199100
"959","2016","Male","All",5052,3316700
"960","2016","Male","All",5251,4119200
"961","2016","Male","All",3742,2482500
"962","2016","Male","All",3810,2674500
"963","2016","Male","All",3609,2494100
"964","2015","Male","All",3094,2145000
"965","2015","Male","All",3606,2766000
"966","2015","Male","All",3611,4115200
"967","2015","Male","All",1989,1193400
"968","2015","Male","All",5010,3292200
"969","2015","Male","All",5305,4079400
"970","2015","Male","All",3610,2461800
"971","2015","Male","All",3718,2644600
"972","2015","Male","All",3660,2476500
"973","2014","Male","All",2920,2127300
"974","2014","Male","All",3680,2739200
"975","2014","Male","All",3610,4043500
"976","2014","Male","All",2124,1190800
"977","2014","Male","All",5048,3274200
"978","2014","Male","All",5086,4046300
"979","2014","Male","All",3518,2441500
"980","2014","Male","All",3770,2628100
"981","2014","Male","All",3673,2462800
"982","2013","Male","All",3060,2111800
"983","2013","Male","All",3681,2712800
"984","2013","Male","All",3542,3980600
"985","2013","Male","All",2024,1188700
"986","2013","Male","All",5116,3264600
"987","2013","Male","All",5181,4014300
"988","2013","Male","All",3515,2424300
"989","2013","Male","All",3764,2613300
"990","2013","Male","All",3596,2456300
"991","2012","Male","All",2974,2100100
"992","2012","Male","All",3620,2695600
"993","2012","Male","All",3658,3925500
"994","2012","Male","All",2055,1186100
"995","2012","Male","All",5051,3259200
"996","2012","Male","All",5221,3986800
"997","2012","Male","All",3510,2408900
"998","2012","Male","All",3697,2600700
"999","2012","Male","All",3664,2448600
"1000","2011","Male","All",3021,2089000
"1001","2011","Male","All",3487,2680400
"1002","2011","Male","All",3638,3878300
"1003","2011","Male","All",2053,1184700
"1004","2011","Male","All",5103,3249400
"1005","2011","Male","All",5134,3958300
"1006","2011","Male","All",3560,2393500
"1007","2011","Male","All",3716,2587500
"1008","2011","Male","All",3711,2436900
"1009","2010","Male","All",3101,2077100
"1010","2010","Male","All",3603,2656300
"1011","2010","Male","All",3550,3804200
"1012","2010","Male","All",1995,1180700
"1013","2010","Male","All",5225,3234300
"1014","2010","Male","All",5174,3925300
"1015","2010","Male","All",3470,2376000
"1016","2010","Male","All",3652,2568300
"1017","2010","Male","All",3629,2421400
"1018","2009","Male","All",2979,2062300
"1019","2009","Male","All",3557,2632800
"1020","2009","Male","All",3672,3744100
"1021","2009","Male","All",2059,1175600
"1022","2009","Male","All",5132,3219400
"1023","2009","Male","All",5195,3886100
"1024","2009","Male","All",3501,2361300
"1025","2009","Male","All",3792,2551200
"1026","2009","Male","All",3580,2407200
"1027","2008","Male","All",3066,2050200
"1028","2008","Male","All",3525,2614500
"1029","2008","Male","All",3640,3681100
"1030","2008","Male","All",2187,1173200
"1031","2008","Male","All",5160,3206100
"1032","2008","Male","All",5024,3858300
"1033","2008","Male","All",3459,2352500
"1034","2008","Male","All",3728,2537300
"1035","2008","Male","All",3590,2396700
"1036","2007","Male","All",3024,2034400
"1037","2007","Male","All",3620,2590700
"1038","2007","Male","All",3562,3621200
"1039","2007","Male","All",2121,1169900
"1040","2007","Male","All",5179,3191100
"1041","2007","Male","All",5044,3823700
"1042","2007","Male","All",3375,2337500
"1043","2007","Male","All",3794,2517300
"1044","2007","Male","All",3567,2379800
"1045","2006","Male","All",2907,2018400
"1046","2006","Male","All",3509,2571000
"1047","2006","Male","All",3781,3573500
"1048","2006","Male","All",2151,1166000
"1049","2006","Male","All",5145,3178000
"1050","2006","Male","All",5134,3788600
"1051","2006","Male","All",3471,2314100
"1052","2006","Male","All",3829,2501800
"1053","2006","Male","All",3598,2365200
"1054","2005","Male","All",2967,2001800
"1055","2005","Male","All",3491,2551600
"1056","2005","Male","All",3777,3537800
"1057","2005","Male","All",2110,1164500
"1058","2005","Male","All",5343,3163500
"1059","2005","Male","All",5031,3759000
"1060","2005","Male","All",3440,2300100
"1061","2005","Male","All",3831,2486800
"1062","2005","Male","All",3549,2354000
"1063","2004","Male","All",2921,1983400
"1064","2004","Male","All",3590,2526300
"1065","2004","Male","All",3870,3501600
"1066","2004","Male","All",2113,1161200
"1067","2004","Male","All",5269,3150900
"1068","2004","Male","All",5198,3733100
"1069","2004","Male","All",3423,2280400
"1070","2004","Male","All",3766,2469800
"1071","2004","Male","All",3699,2327700
"1072","2003","Male","All",3037,1968300
"1073","2003","Male","All",3659,2516900
"1074","2003","Male","All",3911,3485100
"1075","2003","Male","All",2187,1161400
"1076","2003","Male","All",5342,3134200
"1077","2003","Male","All",5204,3716900
"1078","2003","Male","All",3482,2265600
"1079","2003","Male","All",3956,2459900
"1080","2003","Male","All",3757,2303700
"1081","2020","Person","All",7609,5285800
"1082","2020","Person","All",6624,5343200
"1083","2020","Person","All",6349,5440600
"1084","2020","Person","All",6297,5348000
"1085","2020","Person","All",6149,5222500
"1086","2020","Person","All",6225,5228500
"1087","2020","Person","All",6063,5033200
"1088","2020","Person","All",5769,5012600
"1089","2020","Person","All",5414,4926100
"1090","2020","Person","All",5234,4843900
"1091","2019","Person","All",7457,5267300
"1092","2019","Person","All",6665,5322400
"1093","2019","Person","All",6313,5419800
"1094","2019","Person","All",6234,5324000
"1095","2019","Person","All",6221,5203300
"1096","2019","Person","All",6169,5208900
"1097","2019","Person","All",5926,5018400
"1098","2019","Person","All",5960,4995500
"1099","2019","Person","All",5669,4917300
"1100","2019","Person","All",5160,4832500
"1101","2018","Person","All",7271,5235400
"1102","2018","Person","All",6547,5303900
"1103","2018","Person","All",6381,5398200
"1104","2018","Person","All",6383,5302400
"1105","2018","Person","All",6411,5186400
"1106","2018","Person","All",6354,5187600
"1107","2018","Person","All",6150,5005900
"1108","2018","Person","All",5987,4985200
"1109","2018","Person","All",5655,4912400
"1110","2018","Person","All",5238,4827900
"1111","2018b","Person","All",7271,5335500
"1112","2018b","Person","All",6547,5429200
"1113","2018b","Person","All",6381,5424600
"1114","2018b","Person","All",6383,5312800
"1115","2018b","Person","All",6411,5140700
"1116","2018b","Person","All",6354,5092500
"1117","2018b","Person","All",6150,5004400
"1118","2018b","Person","All",5987,4953700
"1119","2018b","Person","All",5655,4903400
"1120","2018b","Person","All",5238,4748500
"1121","2017","Person","All",7309,5289300
"1122","2017","Person","All",6497,5387500
"1123","2017","Person","All",6385,5386000
"1124","2017","Person","All",6499,5276100
"1125","2017","Person","All",6404,5113400
"1126","2017","Person","All",6477,5071600
"1127","2017","Person","All",6172,4982900
"1128","2017","Person","All",6053,4940200
"1129","2017","Person","All",5742,4890800
"1130","2017","Person","All",5271,4746300
"1131","2016","Person","All",7434,5242500
"1132","2016","Person","All",6609,5346600
"1133","2016","Person","All",6292,5346500
"1134","2016","Person","All",6430,5242500
"1135","2016","Person","All",6439,5088700
"1136","2016","Person","All",6483,5046500
"1137","2016","Person","All",6281,4953700
"1138","2016","Person","All",5986,4922100
"1139","2016","Person","All",6017,4874800
"1140","2016","Person","All",5235,4734800
"1141","2015","Person","All",7174,5169300
"1142","2015","Person","All",6653,5270700
"1143","2015","Person","All",6335,5279100
"1144","2015","Person","All",6338,5188800
"1145","2015","Person","All",6366,5044900
"1146","2015","Person","All",6396,5012300
"1147","2015","Person","All",6066,4919100
"1148","2015","Person","All",5850,4895800
"1149","2015","Person","All",5769,4856600
"1150","2015","Person","All",5230,4723900
"1151","2014","Person","All",7176,5101400
"1152","2014","Person","All",6498,5195600
"1153","2014","Person","All",6280,5211300
"1154","2014","Person","All",6345,5137300
"1155","2014","Person","All",6290,5000300
"1156","2014","Person","All",6186,4974400
"1157","2014","Person","All",6192,4890700
"1158","2014","Person","All",5995,4871500
"1159","2014","Person","All",5760,4838700
"1160","2014","Person","All",5242,4720600
"1161","2013","Person","All",7151,5051000
"1162","2013","Person","All",6575,5143400
"1163","2013","Person","All",6126,5151200
"1164","2013","Person","All",6408,5085400
"1165","2013","Person","All",6415,4964500
"1166","2013","Person","All",6344,4944300
"1167","2013","Person","All",6145,4862700
"1168","2013","Person","All",5967,4848600
"1169","2013","Person","All",5693,4822800
"1170","2013","Person","All",5308,4710400
"1171","2012","Person","All",7217,5014300
"1172","2012","Person","All",6526,5089400
"1173","2012","Person","All",6198,5100300
"1174","2012","Person","All",6406,5047700
"1175","2012","Person","All",6505,4930100
"1176","2012","Person","All",6155,4915800
"1177","2012","Person","All",6228,4842500
"1178","2012","Person","All",5957,4827900
"1179","2012","Person","All",5814,4807900
"1180","2012","Person","All",5321,4705800
"1181","2011","Person","All",7307,4973800
"1182","2011","Person","All",6431,5035600
"1183","2011","Person","All",6232,5047400
"1184","2011","Person","All",6342,5000200
"1185","2011","Person","All",6302,4893500
"1186","2011","Person","All",6315,4885700
"1187","2011","Person","All",6176,4821900
"1188","2011","Person","All",6061,4809900
"1189","2011","Person","All",5788,4796600
"1190","2011","Person","All",5231,4705200
"1191","2010","Person","All",7239,4927600
"1192","2010","Person","All",6253,4961700
"1193","2010","Person","All",6271,4971500
"1194","2010","Person","All",6257,4938200
"1195","2010","Person","All",6245,4847100
"1196","2010","Person","All",6118,4846200
"1197","2010","Person","All",6251,4800300
"1198","2010","Person","All",6030,4784700
"1199","2010","Person","All",5660,4784900
"1200","2010","Person","All",5414,4707200
"1201","2009","Person","All",7246,4893200
"1202","2009","Person","All",6358,4898800
"1203","2009","Person","All",6328,4900600
"1204","2009","Person","All",6279,4877600
"1205","2009","Person","All",6330,4803000
"1206","2009","Person","All",6284,4812100
"1207","2009","Person","All",6026,4773300
"1208","2009","Person","All",5981,4758000
"1209","2009","Person","All",5762,4768800
"1210","2009","Person","All",5294,4698600
"1211","2020","Female","All",3490,2637300
"1212","2020","Female","All",3092,2664600
"1213","2020","Female","All",2857,2696100
"1214","2020","Female","All",2924,2645300
"1215","2020","Female","All",2805,2595800
"1216","2020","Female","All",2940,2609700
"1217","2020","Female","All",2786,2520300
"1218","2020","Female","All",2791,2510200
"1219","2020","Female","All",2547,2477800
"1220","2020","Female","All",2547,2444500
"1221","2019","Female","All",3396,2629700
"1222","2019","Female","All",2956,2658600
"1223","2019","Female","All",2881,2689700
"1224","2019","Female","All",2881,2638100
"1225","2019","Female","All",2952,2589000
"1226","2019","Female","All",2896,2602800
"1227","2019","Female","All",2677,2514000
"1228","2019","Female","All",2795,2501600
"1229","2019","Female","All",2716,2473800
"1230","2019","Female","All",2414,2437600
"1231","2018","Female","All",3292,2614800
"1232","2018","Female","All",2994,2650500
"1233","2018","Female","All",2852,2679700
"1234","2018","Female","All",2976,2628600
"1235","2018","Female","All",2964,2581400
"1236","2018","Female","All",2954,2591100
"1237","2018","Female","All",2803,2507600
"1238","2018","Female","All",2801,2495900
"1239","2018","Female","All",2680,2470900
"1240","2018","Female","All",2557,2434800
"1241","2018","Female","All",3292,2661600
"1242","2018","Female","All",2994,2706100
"1243","2018","Female","All",2852,2687500
"1244","2018","Female","All",2976,2637300
"1245","2018","Female","All",2964,2561000
"1246","2018","Female","All",2954,2544100
"1247","2018","Female","All",2803,2507400
"1248","2018","Female","All",2801,2484600
"1249","2018","Female","All",2680,2466300
"1250","2018","Female","All",2557,2399300
"1251","2017","Female","All",3260,2638900
"1252","2017","Female","All",2978,2688200
"1253","2017","Female","All",2907,2670200
"1254","2017","Female","All",2885,2619700
"1255","2017","Female","All",2950,2549000
"1256","2017","Female","All",2938,2532600
"1257","2017","Female","All",2879,2495500
"1258","2017","Female","All",2816,2476800
"1259","2017","Female","All",2764,2458400
"1260","2017","Female","All",2487,2397000
"1261","2016","Female","All",3290,2615300
"1262","2016","Female","All",2989,2668600
"1263","2016","Female","All",2916,2651600
"1264","2016","Female","All",2993,2603500
"1265","2016","Female","All",3035,2536800
"1266","2016","Female","All",3055,2519400
"1267","2016","Female","All",2923,2479900
"1268","2016","Female","All",2838,2467400
"1269","2016","Female","All",2851,2449300
"1270","2016","Female","All",2475,2389300
"1271","2015","Female","All",3203,2582300
"1272","2015","Female","All",3075,2636000
"1273","2015","Female","All",2845,2623300
"1274","2015","Female","All",2889,2579400
"1275","2015","Female","All",2893,2517100
"1276","2015","Female","All",3020,2504900
"1277","2015","Female","All",2799,2464000
"1278","2015","Female","All",2691,2455100
"1279","2015","Female","All",2721,2440000
"1280","2015","Female","All",2438,2384400
"1281","2014","Female","All",3186,2549900
"1282","2014","Female","All",2937,2601600
"1283","2014","Female","All",2809,2590700
"1284","2014","Female","All",2943,2556200
"1285","2014","Female","All",2905,2495200
"1286","2014","Female","All",2844,2486500
"1287","2014","Female","All",2926,2450600
"1288","2014","Female","All",2835,2443300
"1289","2014","Female","All",2692,2430700
"1290","2014","Female","All",2458,2383400
"1291","2013","Female","All",3177,2525100
"1292","2013","Female","All",3011,2577100
"1293","2013","Female","All",2830,2564000
"1294","2013","Female","All",2957,2532000
"1295","2013","Female","All",2943,2478800
"1296","2013","Female","All",2950,2472200
"1297","2013","Female","All",2853,2436700
"1298","2013","Female","All",2770,2432200
"1299","2013","Female","All",2643,2421800
"1300","2013","Female","All",2519,2377600
"1301","2012","Female","All",3282,2506100
"1302","2012","Female","All",2953,2550300
"1303","2012","Female","All",2829,2540400
"1304","2012","Female","All",2909,2514000
"1305","2012","Female","All",2997,2462700
"1306","2012","Female","All",2876,2460000
"1307","2012","Female","All",2905,2427200
"1308","2012","Female","All",2870,2421600
"1309","2012","Female","All",2731,2413300
"1310","2012","Female","All",2525,2374600
"1311","2011","Female","All",3173,2486900
"1312","2011","Female","All",2917,2524300
"1313","2011","Female","All",2883,2514600
"1314","2011","Female","All",2954,2490800
"1315","2011","Female","All",2926,2444500
"1316","2011","Female","All",2955,2444200
"1317","2011","Female","All",2880,2416300
"1318","2011","Female","All",2905,2411000
"1319","2011","Female","All",2697,2406900
"1320","2011","Female","All",2472,2372200
"1321","2010","Female","All",3193,2466600
"1322","2010","Female","All",2812,2490600
"1323","2010","Female","All",2868,2480200
"1324","2010","Female","All",2814,2461800
"1325","2010","Female","All",2895,2423000
"1326","2010","Female","All",2776,2424900
"1327","2010","Female","All",2898,2405900
"1328","2010","Female","All",2791,2398400
"1329","2010","Female","All",2741,2400900
"1330","2010","Female","All",2551,2373500
"1331","2009","Female","All",3186,2453100
"1332","2009","Female","All",2840,2462700
"1333","2009","Female","All",2870,2448600
"1334","2009","Female","All",2964,2433000
"1335","2009","Female","All",2918,2402300
"1336","2009","Female","All",2892,2407600
"1337","2009","Female","All",2698,2393100
"1338","2009","Female","All",2839,2384900
"1339","2009","Female","All",2678,2390600
"1340","2009","Female","All",2536,2368100
"1341","2020","Male","All",4119,2648500
"1342","2020","Male","All",3532,2678600
"1343","2020","Male","All",3492,2744600
"1344","2020","Male","All",3373,2702700
"1345","2020","Male","All",3344,2626600
"1346","2020","Male","All",3285,2618800
"1347","2020","Male","All",3277,2512900
"1348","2020","Male","All",2978,2502400
"1349","2020","Male","All",2867,2448300
"1350","2020","Male","All",2687,2399500
"1351","2019","Male","All",4061,2637500
"1352","2019","Male","All",3709,2663800
"1353","2019","Male","All",3432,2730100
"1354","2019","Male","All",3353,2685900
"1355","2019","Male","All",3269,2614400
"1356","2019","Male","All",3273,2606100
"1357","2019","Male","All",3249,2504300
"1358","2019","Male","All",3165,2494000
"1359","2019","Male","All",2953,2443500
"1360","2019","Male","All",2746,2395000
"1361","2018","Male","All",3979,2620600
"1362","2018","Male","All",3553,2653400
"1363","2018","Male","All",3529,2718400
"1364","2018","Male","All",3407,2673800
"1365","2018","Male","All",3447,2605000
"1366","2018","Male","All",3400,2596500
"1367","2018","Male","All",3347,2498400
"1368","2018","Male","All",3186,2489300
"1369","2018","Male","All",2975,2441500
"1370","2018","Male","All",2681,2393100
"1371","2018","Male","All",3979,2673900
"1372","2018","Male","All",3553,2723100
"1373","2018","Male","All",3529,2737100
"1374","2018","Male","All",3407,2675600
"1375","2018","Male","All",3447,2579700
"1376","2018","Male","All",3400,2548300
"1377","2018","Male","All",3347,2497000
"1378","2018","Male","All",3186,2469100
"1379","2018","Male","All",2975,2437000
"1380","2018","Male","All",2681,2349200
"1381","2017","Male","All",4049,2650400
"1382","2017","Male","All",3519,2699300
"1383","2017","Male","All",3478,2715800
"1384","2017","Male","All",3614,2656400
"1385","2017","Male","All",3454,2564400
"1386","2017","Male","All",3539,2539000
"1387","2017","Male","All",3293,2487400
"1388","2017","Male","All",3237,2463400
"1389","2017","Male","All",2978,2432400
"1390","2017","Male","All",2784,2349200
"1391","2016","Male","All",4144,2627200
"1392","2016","Male","All",3620,2678000
"1393","2016","Male","All",3376,2694900
"1394","2016","Male","All",3437,2639000
"1395","2016","Male","All",3404,2552000
"1396","2016","Male","All",3428,2527100
"1397","2016","Male","All",3358,2473800
"1398","2016","Male","All",3148,2454700
"1399","2016","Male","All",3166,2425400
"1400","2016","Male","All",2760,2345500
"1401","2015","Male","All",3971,2587100
"1402","2015","Male","All",3578,2634700
"1403","2015","Male","All",3490,2655800
"1404","2015","Male","All",3449,2609400
"1405","2015","Male","All",3473,2527700
"1406","2015","Male","All",3376,2507500
"1407","2015","Male","All",3267,2455100
"1408","2015","Male","All",3159,2440700
"1409","2015","Male","All",3048,2416700
"1410","2015","Male","All",2792,2339500
"1411","2014","Male","All",3990,2551600
"1412","2014","Male","All",3561,2593900
"1413","2014","Male","All",3471,2620600
"1414","2014","Male","All",3402,2581100
"1415","2014","Male","All",3385,2505100
"1416","2014","Male","All",3342,2487800
"1417","2014","Male","All",3266,2440200
"1418","2014","Male","All",3160,2428200
"1419","2014","Male","All",3068,2408000
"1420","2014","Male","All",2784,2337200
"1421","2013","Male","All",3974,2525800
"1422","2013","Male","All",3564,2566200
"1423","2013","Male","All",3296,2587100
"1424","2013","Male","All",3451,2553400
"1425","2013","Male","All",3472,2485700
"1426","2013","Male","All",3394,2472100
"1427","2013","Male","All",3292,2426100
"1428","2013","Male","All",3197,2416400
"1429","2013","Male","All",3050,2401000
"1430","2013","Male","All",2789,2332800
"1431","2012","Male","All",3935,2508200
"1432","2012","Male","All",3573,2539000
"1433","2012","Male","All",3369,2559800
"1434","2012","Male","All",3497,2533700
"1435","2012","Male","All",3508,2467400
"1436","2012","Male","All",3279,2455800
"1437","2012","Male","All",3323,2415300
"1438","2012","Male","All",3087,2406300
"1439","2012","Male","All",3083,2394600
"1440","2012","Male","All",2796,2331200
"1441","2011","Male","All",4134,2486900
"1442","2011","Male","All",3514,2511300
"1443","2011","Male","All",3349,2532800
"1444","2011","Male","All",3388,2509400
"1445","2011","Male","All",3376,2449000
"1446","2011","Male","All",3360,2441500
"1447","2011","Male","All",3296,2405500
"1448","2011","Male","All",3156,2398800
"1449","2011","Male","All",3091,2389700
"1450","2011","Male","All",2759,2333000
"1451","2010","Male","All",4046,2461000
"1452","2010","Male","All",3441,2471100
"1453","2010","Male","All",3403,2491300
"1454","2010","Male","All",3443,2476400
"1455","2010","Male","All",3350,2424100
"1456","2010","Male","All",3342,2421200
"1457","2010","Male","All",3353,2394400
"1458","2010","Male","All",3239,2386300
"1459","2010","Male","All",2919,2384000
"1460","2010","Male","All",2863,2333800
"1461","2009","Male","All",4060,2440100
"1462","2009","Male","All",3518,2436100
"1463","2009","Male","All",3458,2452000
"1464","2009","Male","All",3315,2444600
"1465","2009","Male","All",3412,2400700
"1466","2009","Male","All",3392,2404400
"1467","2009","Male","All",3328,2380100
"1468","2009","Male","All",3142,2373100
"1469","2009","Male","All",3084,2378200
"1470","2009","Male","All",2758,2330500
